{
  "project_info": {
    "project_number": "163033242282",
    "project_id": "student-manager-1eacd",
    "storage_bucket": "student-manager-1eacd.appspot.com"
  },
  "client": [
    {
      "client_info": {
        "mobilesdk_app_id": "1:163033242282:android:319ed1f99d7e0b7b6a4ed3",
        "android_client_info": {
          "package_name": "com.example.essay"
        }
      },
      "oauth_client": [],
      "api_key": [
        {
          "current_key": "AIzaSyBXm1EnLHS7rEPK82gmHwLE9GrjMpsB9Vs"
        }
      ],
      "services": {
        "appinvite_service": {
          "other_platform_oauth_client": []
        }
      }
    }
  ],
  "configuration_version": "1"
}